Subject,Start_Date,Start_Time,End_Date,End_Time,Location,All_Day_Event
21726 - Base de Dades II / 01M01,07/12/2017,16:30,07/12/2017,17:20,Anselm Turmeda Aula A8.Planta primera ala est,False
21726 - Base de Dades II / 01M01,16/11/2017,16:30,16/11/2017,17:20,Anselm Turmeda Aula A8.Planta primera ala est,False
21726 - Base de Dades II / 01G,16/11/2017,15:30,16/11/2017,16:20,Anselm Turmeda Aula A8.Planta primera ala est,False
21726 - Base de Dades II / 01M01,14/12/2017,16:30,14/12/2017,17:20,Anselm Turmeda Aula A8.Planta primera ala est,False
21726 - Base de Dades II / 01G,14/12/2017,15:30,14/12/2017,16:20,Anselm Turmeda Aula A8.Planta primera ala est,False
21748 - Seguretat en Sistemes Informàtics / 01M01,15/11/2017,16:30,15/11/2017,17:20,Anselm Turmeda Aula A8.Planta primera ala est,False
21748 - Seguretat en Sistemes Informàtics / 01G,13/12/2017,15:30,13/12/2017,16:20,Anselm Turmeda Aula A8.Planta primera ala est,False
21748 - Seguretat en Sistemes Informàtics / 01M01,13/12/2017,16:30,13/12/2017,17:20,Anselm Turmeda Aula A8.Planta primera ala est,False
21726 - Base de Dades II / 01M01,23/11/2017,16:30,23/11/2017,17:20,Anselm Turmeda Aula A8.Planta primera ala est,False
21726 - Base de Dades II / 01M01,26/10/2017,16:30,26/10/2017,17:20,Anselm Turmeda Aula A8.Planta primera ala est,False
21748 - Seguretat en Sistemes Informàtics / 01M01,11/10/2017,16:30,11/10/2017,17:20,Anselm Turmeda Aula A8.Planta primera ala est,False
21710 - Teoria de la Computació / 01X01,09/10/2017,12:30,09/10/2017,13:20,Anselm Turmeda Aula A2. Planta baixa ala est,False
21748 - Seguretat en Sistemes Informàtics / 01G,11/10/2017,15:30,11/10/2017,16:20,Anselm Turmeda Aula A8.Planta primera ala est,False
21710 - Teoria de la Computació / 01G,13/10/2017,12:30,13/10/2017,14:20,Anselm Turmeda Aula A2. Planta baixa ala est,False
21713 - Comunicacions de Dades i Xarxes / 01G,13/10/2017,11:30,13/10/2017,12:20,Anselm Turmeda Aula A2. Planta baixa ala est,False
21748 - Seguretat en Sistemes Informàtics / 01G,10/10/2017,15:30,10/10/2017,17:20,Anselm Turmeda Aula A8.Planta primera ala est,False
21726 - Base de Dades II / 01G,09/10/2017,15:30,09/10/2017,17:20,Anselm Turmeda Aula A8.Planta primera ala est,False
21710 - Teoria de la Computació / 01G,09/10/2017,11:30,09/10/2017,12:20,Anselm Turmeda Aula A2. Planta baixa ala est,False
21726 - Base de Dades II / 01M01,28/09/2017,16:30,28/09/2017,17:20,Anselm Turmeda Aula A8.Planta primera ala est,False
21748 - Seguretat en Sistemes Informàtics / 01G,27/09/2017,15:30,27/09/2017,16:20,Anselm Turmeda Aula A8.Planta primera ala est,False
21726 - Base de Dades II / 01G,28/09/2017,15:30,28/09/2017,16:20,Anselm Turmeda Aula A8.Planta primera ala est,False
21726 - Base de Dades II / 01G,25/09/2017,15:30,25/09/2017,17:20,Anselm Turmeda Aula A8.Planta primera ala est,False
21748 - Seguretat en Sistemes Informàtics / 01M01,27/09/2017,16:30,27/09/2017,17:20,Anselm Turmeda Aula A8.Planta primera ala est,False
21748 - Seguretat en Sistemes Informàtics / 01G,26/09/2017,15:30,26/09/2017,17:20,Anselm Turmeda Aula A8.Planta primera ala est,False
21710 - Teoria de la Computació / 01G,29/09/2017,12:30,29/09/2017,14:20,Anselm Turmeda Aula A2. Planta baixa ala est,False
21722 - Intel·ligència Artificial / 01G,28/09/2017,12:30,28/09/2017,14:20,Anselm Turmeda Aula A8.Planta primera ala est,False
21710 - Teoria de la Computació / 01X01,25/09/2017,12:30,25/09/2017,13:20,Anselm Turmeda Aula A2. Planta baixa ala est,False
21713 - Comunicacions de Dades i Xarxes / 01G,29/09/2017,11:30,29/09/2017,12:20,Anselm Turmeda Aula A2. Planta baixa ala est,False
21713 - Comunicacions de Dades i Xarxes / 01X02,29/09/2017,10:30,29/09/2017,11:20,Anselm Turmeda Aula A2. Planta baixa ala est,False
21723 - Gestió de Projectes / 01X03,27/09/2017,10:30,27/09/2017,12:20,Anselm Turmeda Aula A8.Planta primera ala est,False
21710 - Teoria de la Computació / 01G,25/09/2017,11:30,25/09/2017,12:20,Anselm Turmeda Aula A2. Planta baixa ala est,False
21723 - Gestió de Projectes / 01G,28/09/2017,10:30,28/09/2017,12:20,Anselm Turmeda Aula A8.Planta primera ala est,False
21713 - Comunicacions de Dades i Xarxes / 01G,27/09/2017,08:30,27/09/2017,10:20,Anselm Turmeda Aula A2. Planta baixa ala est,False
21722 - Intel·ligència Artificial / 01X01,26/09/2017,09:30,26/09/2017,10:20,Anselm Turmeda Aula A8.Planta primera ala est,False
21722 - Intel·ligència Artificial / 01G,26/09/2017,08:30,26/09/2017,09:20,Anselm Turmeda Aula A8.Planta primera ala est,False
21748 - Seguretat en Sistemes Informàtics / 01G,20/09/2017,15:30,20/09/2017,16:20,Anselm Turmeda Aula A8.Planta primera ala est,False
21726 - Base de Dades II / 01G,18/09/2017,15:30,18/09/2017,17:20,Anselm Turmeda Aula A8.Planta primera ala est,False
21726 - Base de Dades II / 01G,21/09/2017,15:30,21/09/2017,16:20,Anselm Turmeda Aula A8.Planta primera ala est,False
21748 - Seguretat en Sistemes Informàtics / 01M01,20/09/2017,16:30,20/09/2017,17:20,Anselm Turmeda Aula A8.Planta primera ala est,False
21726 - Base de Dades II / 01M01,21/09/2017,16:30,21/09/2017,17:20,Anselm Turmeda Aula A8.Planta primera ala est,False
21722 - Intel·ligència Artificial / 01G,21/09/2017,12:30,21/09/2017,14:20,Anselm Turmeda Aula A8.Planta primera ala est,False
21710 - Teoria de la Computació / 01G,22/09/2017,12:30,22/09/2017,14:20,Anselm Turmeda Aula A2. Planta baixa ala est,False
21710 - Teoria de la Computació / 01X01,18/09/2017,12:30,18/09/2017,13:20,Anselm Turmeda Aula A2. Planta baixa ala est,False
21710 - Teoria de la Computació / 01G,18/09/2017,11:30,18/09/2017,12:20,Anselm Turmeda Aula A2. Planta baixa ala est,False
21713 - Comunicacions de Dades i Xarxes / 01G,20/09/2017,08:30,20/09/2017,10:20,Anselm Turmeda Aula A2. Planta baixa ala est,False
21723 - Gestió de Projectes / 01G,21/09/2017,10:30,21/09/2017,12:20,Anselm Turmeda Aula A8.Planta primera ala est,False
21713 - Comunicacions de Dades i Xarxes / 01G,22/09/2017,11:30,22/09/2017,12:20,Anselm Turmeda Aula A2. Planta baixa ala est,False
21722 - Intel·ligència Artificial / 01X01,19/09/2017,09:30,19/09/2017,10:20,Anselm Turmeda Aula A8.Planta primera ala est,False
21713 - Comunicacions de Dades i Xarxes / 01X02,22/09/2017,10:30,22/09/2017,11:20,Anselm Turmeda Aula A2. Planta baixa ala est,False
21723 - Gestió de Projectes / 01X03,20/09/2017,10:30,20/09/2017,12:20,Anselm Turmeda Aula A8.Planta primera ala est,False
21722 - Intel·ligència Artificial / 01G,19/09/2017,08:30,19/09/2017,09:20,Anselm Turmeda Aula A8.Planta primera ala est,False
21726 - Base de Dades II / 01M01,05/10/2017,16:30,05/10/2017,17:20,Anselm Turmeda Aula A8.Planta primera ala est,False
21748 - Seguretat en Sistemes Informàtics / 01G,03/10/2017,15:30,03/10/2017,17:20,Anselm Turmeda Aula A8.Planta primera ala est,False
21722 - Intel·ligència Artificial / 01G,05/10/2017,12:30,05/10/2017,14:20,Anselm Turmeda Aula A8.Planta primera ala est,False
21748 - Seguretat en Sistemes Informàtics / 01G,04/10/2017,15:30,04/10/2017,16:20,Anselm Turmeda Aula A8.Planta primera ala est,False
21726 - Base de Dades II / 01G,05/10/2017,15:30,05/10/2017,16:20,Anselm Turmeda Aula A8.Planta primera ala est,False
21726 - Base de Dades II / 01G,02/10/2017,15:30,02/10/2017,17:20,Anselm Turmeda Aula A8.Planta primera ala est,False
21748 - Seguretat en Sistemes Informàtics / 01M01,04/10/2017,16:30,04/10/2017,17:20,Anselm Turmeda Aula A8.Planta primera ala est,False
21710 - Teoria de la Computació / 01G,06/10/2017,12:30,06/10/2017,14:20,Anselm Turmeda Aula A2. Planta baixa ala est,False
21710 - Teoria de la Computació / 01X01,02/10/2017,12:30,02/10/2017,13:20,Anselm Turmeda Aula A2. Planta baixa ala est,False
21710 - Teoria de la Computació / 01G,02/10/2017,11:30,02/10/2017,12:20,Anselm Turmeda Aula A2. Planta baixa ala est,False
21723 - Gestió de Projectes / 01G,05/10/2017,10:30,05/10/2017,12:20,Anselm Turmeda Aula A8.Planta primera ala est,False
21723 - Gestió de Projectes / 01X03,04/10/2017,10:30,04/10/2017,12:20,Anselm Turmeda Aula A8.Planta primera ala est,False
21713 - Comunicacions de Dades i Xarxes / 01G,04/10/2017,08:30,04/10/2017,10:20,Anselm Turmeda Aula A2. Planta baixa ala est,False
21713 - Comunicacions de Dades i Xarxes / 01G,06/10/2017,11:30,06/10/2017,12:20,Anselm Turmeda Aula A2. Planta baixa ala est,False
21722 - Intel·ligència Artificial / 01X01,03/10/2017,09:30,03/10/2017,10:20,Anselm Turmeda Aula A8.Planta primera ala est,False
21713 - Comunicacions de Dades i Xarxes / 01X02,06/10/2017,10:30,06/10/2017,11:20,Anselm Turmeda Aula A2. Planta baixa ala est,False
21722 - Intel·ligència Artificial / 01X01,10/10/2017,09:30,10/10/2017,10:20,Anselm Turmeda Aula A8.Planta primera ala est,False
21722 - Intel·ligència Artificial / 01G,03/10/2017,08:30,03/10/2017,09:20,Anselm Turmeda Aula A8.Planta primera ala est,False
21713 - Comunicacions de Dades i Xarxes / 01X02,13/10/2017,10:30,13/10/2017,11:20,Anselm Turmeda Aula A2. Planta baixa ala est,False
21713 - Comunicacions de Dades i Xarxes / 01G,11/10/2017,08:30,11/10/2017,10:20,Anselm Turmeda Aula A2. Planta baixa ala est,False
21748 - Seguretat en Sistemes Informàtics / 01M01,25/10/2017,16:30,25/10/2017,17:20,Anselm Turmeda Aula A8.Planta primera ala est,False
Festa nacional d'Espanya,12/10/2017,,,,,True
21722 - Intel·ligència Artificial / 01G,10/10/2017,08:30,10/10/2017,09:20,Anselm Turmeda Aula A8.Planta primera ala est,False
21726 - Base de Dades II / 01G,26/10/2017,15:30,26/10/2017,16:20,Anselm Turmeda Aula A8.Planta primera ala est,False
21726 - Base de Dades II / 01G,23/10/2017,15:30,23/10/2017,17:20,Anselm Turmeda Aula A8.Planta primera ala est,False
21748 - Seguretat en Sistemes Informàtics / 01G,25/10/2017,15:30,25/10/2017,16:20,Anselm Turmeda Aula A8.Planta primera ala est,False
21748 - Seguretat en Sistemes Informàtics / 01G,24/10/2017,15:30,24/10/2017,17:20,Anselm Turmeda Aula A8.Planta primera ala est,False
21722 - Intel·ligència Artificial / 01G,26/10/2017,12:30,26/10/2017,14:20,Anselm Turmeda Aula A8.Planta primera ala est,False
21710 - Teoria de la Computació / 01X01,23/10/2017,12:30,23/10/2017,13:20,Anselm Turmeda Aula A2. Planta baixa ala est,False
21713 - Comunicacions de Dades i Xarxes / 01G,27/10/2017,11:30,27/10/2017,12:20,Anselm Turmeda Aula A2. Planta baixa ala est,False
21710 - Teoria de la Computació / 01G,27/10/2017,12:30,27/10/2017,14:20,Anselm Turmeda Aula A2. Planta baixa ala est,False
21723 - Gestió de Projectes / 01G,26/10/2017,10:30,26/10/2017,12:20,Anselm Turmeda Aula A8.Planta primera ala est,False
21723 - Gestió de Projectes / 01X03,25/10/2017,10:30,25/10/2017,12:20,Anselm Turmeda Aula A8.Planta primera ala est,False
21713 - Comunicacions de Dades i Xarxes / 01X02,27/10/2017,10:30,27/10/2017,11:20,Anselm Turmeda Aula A2. Planta baixa ala est,False
21710 - Teoria de la Computació / 01G,27/10/2017,11:30,23/10/2017,12:20,Anselm Turmeda Aula A2. Planta baixa ala est,False
21722 - Intel·ligència Artificial / 01X01,24/10/2017,09:30,24/10/2017,10:20,Anselm Turmeda Aula A8.Planta primera ala est,False
21713 - Comunicacions de Dades i Xarxes / 01G,25/10/2017,08:30,25/10/2017,10:20,Anselm Turmeda Aula A2. Planta baixa ala est,False
21722 - Intel·ligència Artificial / 01G,24/10/2017,08:30,24/10/2017,09:20,Anselm Turmeda Aula A8.Planta primera ala est,False
21726 - Base de Dades II / 01M01,19/10/2017,16:30,19/10/2017,17:20,Anselm Turmeda Aula A8.Planta primera ala est,False
21726 - Base de Dades II / 01G,19/10/2017,15:30,19/10/2017,16:20,Anselm Turmeda Aula A8.Planta primera ala est,False
21748 - Seguretat en Sistemes Informàtics / 01M01,18/10/2017,16:30,18/10/2017,17:20,Anselm Turmeda Aula A8.Planta primera ala est,False
21748 - Seguretat en Sistemes Informàtics / 01G,18/10/2017,15:30,18/10/2017,16:20,Anselm Turmeda Aula A8.Planta primera ala est,False
21726 - Base de Dades II / 01G,16/10/2017,15:30,16/10/2017,17:20,Anselm Turmeda Aula A8.Planta primera ala est,False
Avaluació 21710 - Teoria de la Computació / 01G,20/10/2017,12:30,20/10/2017,14:20,,False
21748 - Seguretat en Sistemes Informàtics / 01G,17/10/2017,15:30,17/10/2017,17:20,Anselm Turmeda Aula A8.Planta primera ala est,False
21710 - Teoria de la Computació / 01X01,16/10/2017,12:30,16/10/2017,13:20,Anselm Turmeda Aula A2. Planta baixa ala est,False
21722 - Intel·ligència Artificial / 01G,19/10/2017,12:30,19/10/2017,14:20,Anselm Turmeda Aula A8.Planta primera ala est,False
21710 - Teoria de la Computació / 01G,16/10/2017,11:30,16/10/2017,12:20,Anselm Turmeda Aula A2. Planta baixa ala est,False
21722 - Intel·ligència Artificial / 01X01,17/10/2017,09:30,17/10/2017,10:20,Anselm Turmeda Aula A8.Planta primera ala est,False
21713 - Comunicacions de Dades i Xarxes / 01X02,20/10/2017,10:30,20/10/2017,11:20,Anselm Turmeda Aula A2. Planta baixa ala est,False
21713 - Comunicacions de Dades i Xarxes / 01G,20/10/2017,11:30,20/10/2017,12:20,Anselm Turmeda Aula A2. Planta baixa ala est,False
21723 - Gestió de Projectes / 01G,19/10/2017,10:30,19/10/2017,12:20,Anselm Turmeda Aula A8.Planta primera ala est,False
21723 - Gestió de Projectes / 01X03,18/10/2017,10:30,18/10/2017,12:20,Anselm Turmeda Aula A8.Planta primera ala est,False
21726 - Base de Dades II / 01G,02/11/2017,15:30,02/11/2017,16:20,Anselm Turmeda Aula A8.Planta primera ala est,False
21726 - Base de Dades II / 01M01,02/11/2017,16:30,02/11/2017,17:20,Anselm Turmeda Aula A8.Planta primera ala est,False
Lliurament 21710 - Teoria de la Computació / 01G,18/10/2017,,,,,True
21726 - Base de Dades II / 01G,30/10/2017,15:30,30/10/2017,17:20,Anselm Turmeda Aula A8.Planta primera ala est,False
21713 - Comunicacions de Dades i Xarxes / 01G,18/10/2017,08:30,18/10/2017,10:20,Anselm Turmeda Aula A2. Planta baixa ala est,False
21748 - Seguretat en Sistemes Informàtics / 01G,31/10/2017,15:30,31/10/2017,17:20,Anselm Turmeda Aula A8.Planta primera ala est,False
21710 - Teoria de la Computació / 01G,03/11/2017,12:30,03/11/2017,14:20,Anselm Turmeda Aula A2. Planta baixa ala est,False
21722 - Intel·ligència Artificial / 01G,17/10/2017,08:30,17/10/2017,09:20,Anselm Turmeda Aula A8.Planta primera ala est,False
21722 - Intel·ligència Artificial / 01G,31/10/2017,08:30,31/10/2017,09:20,Anselm Turmeda Aula A8.Planta primera ala est,False
21722 - Intel·ligència Artificial / 01G,31/10/2017,12:30,02/11/2017,14:20,Anselm Turmeda Aula A8.Planta primera ala est,False
21710 - Teoria de la Computació / 01X01,30/10/2017,12:30,30/10/2017,13:20,Anselm Turmeda Aula A2. Planta baixa ala est,False
21722 - Intel·ligència Artificial / 01X01,31/10/2017,09:30,31/10/2017,10:20,Anselm Turmeda Aula A8.Planta primera ala est,False
21713 - Comunicacions de Dades i Xarxes / 01G,03/11/2017,11:30,03/11/2017,12:20,Anselm Turmeda Aula A2. Planta baixa ala est,False
21710 - Teoria de la Computació / 01G,30/10/2017,11:30,30/10/2017,12:20,Anselm Turmeda Aula A2. Planta baixa ala est,False
21713 - Comunicacions de Dades i Xarxes / 01X02,03/11/2017,10:30,03/11/2017,11:20,Anselm Turmeda Aula A2. Planta baixa ala est,False
21723 - Gestió de Projectes / 01G,02/11/2017,10:30,02/11/2017,12:20,Anselm Turmeda Aula A8.Planta primera ala est,False
21726 - Base de Dades II / 01M01,08/11/2017,16:30,09/11/2017,17:20,Anselm Turmeda Aula A8.Planta primera ala est,False
21748 - Seguretat en Sistemes Informàtics / 01M01,08/11/2017,16:30,08/11/2017,17:20,Anselm Turmeda Aula A8.Planta primera ala est,False
Lliurament 21726 - Base de Dades II / 01G,03/11/2017,,,,,True
21748 - Seguretat en Sistemes Informàtics / 01G,03/11/2017,15:30,08/11/2017,16:20,Anselm Turmeda Aula A8.Planta primera ala est,False
Lliurament 21726 - Base de Dades II / 01G,03/11/2017,,,,,True
21726 - Base de Dades II / 01G,09/11/2017,15:30,09/11/2017,16:20,Anselm Turmeda Aula A8.Planta primera ala est,False
Dia de Tots Sants,01/11/2017,,,,,True
21748 - Seguretat en Sistemes Informàtics / 01G,07/11/2017,15:30,07/11/2017,17:20,Anselm Turmeda Aula A8.Planta primera ala est,False
21726 - Base de Dades II / 01G,06/11/2017,15:30,06/11/2017,17:20,Anselm Turmeda Aula A8.Planta primera ala est,False
21710 - Teoria de la Computació / 01G,06/11/2017,11:30,06/11/2017,12:20,Anselm Turmeda Aula A2. Planta baixa ala est,False
21710 - Teoria de la Computació / 01X01,06/11/2017,12:30,06/11/2017,13:20,Anselm Turmeda Aula A2. Planta baixa ala est,False
21713 - Comunicacions de Dades i Xarxes / 01X02,10/11/2017,10:30,10/11/2017,11:20,Anselm Turmeda Aula A2. Planta baixa ala est,False
21722 - Intel·ligència Artificial / 01G,09/11/2017,12:30,09/11/2017,14:20,Anselm Turmeda Aula A8.Planta primera ala est,False
21710 - Teoria de la Computació / 01G,10/11/2017,12:30,10/11/2017,14:20,Anselm Turmeda Aula A2. Planta baixa ala est,False
21713 - Comunicacions de Dades i Xarxes / 01G,10/11/2017,11:30,10/11/2017,12:20,Anselm Turmeda Aula A2. Planta baixa ala est,False
21723 - Gestió de Projectes / 01G,09/11/2017,10:30,09/11/2017,12:20,Anselm Turmeda Aula A8.Planta primera ala est,False
21726 - Base de Dades II / 01M01,21/12/2017,16:30,21/12/2017,17:20,Anselm Turmeda Aula A8.Planta primera ala est,False
21713 - Comunicacions de Dades i Xarxes / 01G,08/11/2017,08:30,08/11/2017,10:20,Anselm Turmeda Aula A2. Planta baixa ala est,False
21723 - Gestió de Projectes / 01X03,08/11/2017,10:30,08/11/2017,12:20,Anselm Turmeda Aula A8.Planta primera ala est,False
21748 - Seguretat en Sistemes Informàtics / 01G,20/12/2017,15:30,20/12/2017,16:20,Anselm Turmeda Aula A8.Planta primera ala est,False
21722 - Intel·ligència Artificial / 01G,07/11/2017,08:30,07/11/2017,09:20,Anselm Turmeda Aula A8.Planta primera ala est,False
21726 - Base de Dades II / 01G,21/12/2017,15:30,21/12/2017,16:20,Anselm Turmeda Aula A8.Planta primera ala est,False
21722 - Intel·ligència Artificial / 01X01,07/11/2017,09:30,07/11/2017,10:20,Anselm Turmeda Aula A8.Planta primera ala est,False
21748 - Seguretat en Sistemes Informàtics / 01M01,20/12/2017,16:30,20/12/2017,17:20,Anselm Turmeda Aula A8.Planta primera ala est,False
21710 - Teoria de la Computació / 01X01,18/12/2017,12:30,18/12/2017,13:20,Anselm Turmeda Aula A2. Planta baixa ala est,False
21710 - Teoria de la Computació / 01G,22/12/2017,12:30,22/12/2017,14:20,Anselm Turmeda Aula A2. Planta baixa ala est,False
21726 - Base de Dades II / 01G,18/12/2017,15:30,18/12/2017,17:20,Anselm Turmeda Aula A8.Planta primera ala est,False
21748 - Seguretat en Sistemes Informàtics / 01G,19/12/2017,15:30,19/12/2017,17:20,Anselm Turmeda Aula A8.Planta primera ala est,False
21713 - Comunicacions de Dades i Xarxes / 01X02,22/12/2017,10:30,22/12/2017,11:20,Anselm Turmeda Aula A2. Planta baixa ala est,False
21722 - Intel·ligència Artificial / 01G,21/12/2017,12:30,21/12/2017,14:20,Anselm Turmeda Aula A8.Planta primera ala est,False
21710 - Teoria de la Computació / 01G,18/12/2017,11:30,18/12/2017,12:20,Anselm Turmeda Aula A2. Planta baixa ala est,False
21713 - Comunicacions de Dades i Xarxes / 01G,22/12/2017,11:30,22/12/2017,12:20,Anselm Turmeda Aula A2. Planta baixa ala est,False
21713 - Comunicacions de Dades i Xarxes / 01G,20/12/2017,08:30,20/12/2017,10:20,Anselm Turmeda Aula A2. Planta baixa ala est,False
21723 - Gestió de Projectes / 01G,21/12/2017,10:30,21/12/2017,12:20,Anselm Turmeda Aula A8.Planta primera ala est,False
21722 - Intel·ligència Artificial / 01G,19/12/2017,08:30,19/12/2017,09:20,Anselm Turmeda Aula A8.Planta primera ala est,False
Vacances de Nadal,23/12/2017,,05/01/2018,,,False
21726 - Base de Dades II / 01G,23/11/2017,15:30,23/11/2017,16:20,Anselm Turmeda Aula A8.Planta primera ala est,False
21722 - Intel·ligència Artificial / 01X01,19/12/2017,09:30,19/12/2017,10:20,Anselm Turmeda Aula A8.Planta primera ala est,False
21723 - Gestió de Projectes / 01X03,20/12/2017,10:30,20/12/2017,12:20,Anselm Turmeda Aula A8.Planta primera ala est,False
21748 - Seguretat en Sistemes Informàtics / 01M01,22/11/2017,16:30,22/11/2017,17:20,Anselm Turmeda Aula A8.Planta primera ala est,False
21748 - Seguretat en Sistemes Informàtics / 01G,22/11/2017,15:30,22/11/2017,16:20,Anselm Turmeda Aula A8.Planta primera ala est,False
21748 - Seguretat en Sistemes Informàtics / 01G,21/11/2017,15:30,21/11/2017,17:20,Anselm Turmeda Aula A8.Planta primera ala est,False
21713 - Comunicacions de Dades i Xarxes / 01G,24/11/2017,11:30,24/11/2017,12:20,Anselm Turmeda Aula A2. Planta baixa ala est,False
21726 - Base de Dades II / 01G,20/11/2017,15:30,20/11/2017,17:20,Anselm Turmeda Aula A8.Planta primera ala est,False
21710 - Teoria de la Computació / 01G,24/11/2017,12:30,24/11/2017,14:20,Anselm Turmeda Aula A2. Planta baixa ala est,False
21722 - Intel·ligència Artificial / 01G,23/11/2017,12:30,23/11/2017,14:20,Anselm Turmeda Aula A8.Planta primera ala est,False
21710 - Teoria de la Computació / 01X01,20/11/2017,12:30,20/11/2017,13:20,Anselm Turmeda Aula A2. Planta baixa ala est,False
21710 - Teoria de la Computació / 01G,20/11/2017,11:30,20/11/2017,12:20,Anselm Turmeda Aula A2. Planta baixa ala est,False
21723 - Gestió de Projectes / 01G,23/11/2017,10:30,23/11/2017,12:20,Anselm Turmeda Aula A8.Planta primera ala est,False
21713 - Comunicacions de Dades i Xarxes / 01X02,24/11/2017,10:30,24/11/2017,11:20,Anselm Turmeda Aula A2. Planta baixa ala est,False
21723 - Gestió de Projectes / 01X03,22/11/2017,10:30,22/11/2017,12:20,Anselm Turmeda Aula A8.Planta primera ala est,False
21713 - Comunicacions de Dades i Xarxes / 01G,22/11/2017,08:30,22/11/2017,10:20,Anselm Turmeda Aula A2. Planta baixa ala est,False
21722 - Intel·ligència Artificial / 01G,21/11/2017,08:30,21/11/2017,09:20,Anselm Turmeda Aula A8.Planta primera ala est,False
21726 - Base de Dades II / 01M01,30/11/2017,16:30,30/11/2017,17:20,Anselm Turmeda Aula A8.Planta primera ala est,False
21722 - Intel·ligència Artificial / 01X01,21/11/2017,09:30,21/11/2017,10:20,Anselm Turmeda Aula A8.Planta primera ala est,False
21748 - Seguretat en Sistemes Informàtics / 01M01,29/11/2017,16:30,29/11/2017,17:20,Anselm Turmeda Aula A8.Planta primera ala est,False
21710 - Teoria de la Computació / 01G,01/12/2017,12:30,01/12/2017,14:20,Anselm Turmeda Aula A2. Planta baixa ala est,False
21713 - Comunicacions de Dades i Xarxes / 01X02,01/12/2017,10:30,01/12/2017,11:20,Anselm Turmeda Aula A2. Planta baixa ala est,False
21722 - Intel·ligència Artificial / 01G,30/11/2017,12:30,30/11/2017,14:20,Anselm Turmeda Aula A8.Planta primera ala est,False
21713 - Comunicacions de Dades i Xarxes / 01G,01/12/2017,11:30,01/12/2017,12:20,Anselm Turmeda Aula A2. Planta baixa ala est,False
21726 - Base de Dades II / 01G,30/11/2017,15:30,30/11/2017,16:20,Anselm Turmeda Aula A8.Planta primera ala est,False
21748 - Seguretat en Sistemes Informàtics / 01G,28/11/2017,15:30,28/11/2017,17:20,Anselm Turmeda Aula A8.Planta primera ala est,False
21723 - Gestió de Projectes / 01X03,29/11/2017,10:30,29/11/2017,12:20,Anselm Turmeda Aula A8.Planta primera ala est,False
21723 - Gestió de Projectes / 01G,30/11/2017,10:30,30/11/2017,12:20,Anselm Turmeda Aula A8.Planta primera ala est,False
Dia oficial de la UIB,27/11/2017,,,,,True
21748 - Seguretat en Sistemes Informàtics / 01G,12/12/2017,15:30,12/12/2017,17:20,Anselm Turmeda Aula A8.Planta primera ala est,False
21726 - Base de Dades II / 01G,11/12/2017,15:30,11/12/2017,17:20,,False
21713 - Comunicacions de Dades i Xarxes / 01G,29/11/2017,08:30,29/11/2017,10:20,Anselm Turmeda Aula A2. Planta baixa ala est,False
21722 - Intel·ligència Artificial / 01G,28/11/2017,08:30,28/11/2017,09:20,Anselm Turmeda Aula A8.Planta primera ala est,False
21722 - Intel·ligència Artificial / 01X01,28/11/2017,09:30,28/11/2017,10:20,Anselm Turmeda Aula A8.Planta primera ala est,False
21722 - Intel·ligència Artificial / 01G,14/12/2017,12:30,14/12/2017,14:20,Anselm Turmeda Aula A8.Planta primera ala est,False
21710 - Teoria de la Computació / 01G,15/12/2017,12:30,15/12/2017,14:20,Anselm Turmeda Aula A2. Planta baixa ala est,False
21713 - Comunicacions de Dades i Xarxes / 01X02,15/12/2017,10:30,15/12/2017,11:20,Anselm Turmeda Aula A2. Planta baixa ala est,False
21710 - Teoria de la Computació / 01X01,11/12/2017,12:30,11/12/2017,13:20,Anselm Turmeda Aula A2. Planta baixa ala est,False
21722 - Intel·ligència Artificial / 01X01,12/12/2017,09:30,12/12/2017,10:20,Anselm Turmeda Aula A8.Planta primera ala est,False
21713 - Comunicacions de Dades i Xarxes / 01G,15/12/2017,11:30,15/12/2017,12:20,Anselm Turmeda Aula A2. Planta baixa ala est,False
21710 - Teoria de la Computació / 01G,11/12/2017,11:30,11/12/2017,12:20,Anselm Turmeda Aula A2. Planta baixa ala est,False
21723 - Gestió de Projectes / 01G,14/12/2017,10:30,14/12/2017,12:20,Anselm Turmeda Aula A8.Planta primera ala est,False
21723 - Gestió de Projectes / 01X03,13/12/2017,10:30,13/12/2017,12:20,Anselm Turmeda Aula A8.Planta primera ala est,False
21713 - Comunicacions de Dades i Xarxes / 01G,13/12/2017,08:30,13/12/2017,10:20,Anselm Turmeda Aula A2. Planta baixa ala est,False
21726 - Base de Dades II / 01G,13/11/2017,15:30,13/11/2017,17:20,Anselm Turmeda Aula A8.Planta primera ala est,False
Avaluació 21710 - Teoria de la Computació / 01G,17/11/2017,12:30,17/11/2017,14:20,,False
21722 - Intel·ligència Artificial / 01G,12/12/2017,08:30,12/12/2017,09:20,Anselm Turmeda Aula A8.Planta primera ala est,False
21710 - Teoria de la Computació / 01X01,13/11/2017,12:30,13/11/2017,13:20,Anselm Turmeda Aula A2. Planta baixa ala est,False
21748 - Seguretat en Sistemes Informàtics / 01G,14/11/2017,15:30,14/11/2017,17:20,Anselm Turmeda Aula A8.Planta primera ala est,False
21748 - Seguretat en Sistemes Informàtics / 01G,15/11/2017,15:30,15/11/2017,16:20,Anselm Turmeda Aula A8.Planta primera ala est,False
21722 - Intel·ligència Artificial / 01G,16/11/2017,12:30,16/11/2017,14:20,Anselm Turmeda Aula A8.Planta primera ala est,False
21713 - Comunicacions de Dades i Xarxes / 01G,17/11/2017,11:30,17/11/2017,12:20,Anselm Turmeda Aula A2. Planta baixa ala est,False
21710 - Teoria de la Computació / 01G,13/11/2017,11:30,13/11/2017,12:20,Anselm Turmeda Aula A2. Planta baixa ala est,False
Avaluació 21713 - Comunicacions de Dades i Xarxes / 01G,15/11/2017,08:30,15/11/2017,10:20,,False
21723 - Gestió de Projectes / 01G,16/11/2017,10:30,16/11/2017,12:20,Anselm Turmeda Aula A8.Planta primera ala est,False
21722 - Intel·ligència Artificial / 01G,15/11/2017,08:30,14/11/2017,09:20,Anselm Turmeda Aula A8.Planta primera ala est,False
21723 - Gestió de Projectes / 01X03,15/11/2017,10:30,14/11/2017,12:20,Anselm Turmeda Aula A8.Planta primera ala est,False
21722 - Intel·ligència Artificial / 01X01,14/11/2017,09:30,14/11/2017,10:20,Anselm Turmeda Aula A8.Planta primera ala est,False
21713 - Comunicacions de Dades i Xarxes / 01X02,17/11/2017,10:30,17/11/2017,11:20,Anselm Turmeda Aula A2. Planta baixa ala est,False
Vacances de Nadal,23/12/2017,,05/01/2018,,,False
Lliurament 21710 - Teoria de la Computació / 01G,15/11/2017,,,,,True
21726 - Base de Dades II / 01G,07/12/2017,15:30,07/12/2017,16:20,Anselm Turmeda Aula A8.Planta primera ala est,False
Vacances de Nadal,23/12/2017,,05/01/2018,,,False
21726 - Base de Dades II / 01G,04/12/2017,15:30,04/12/2017,17:20,Anselm Turmeda Aula A8.Planta primera ala est,False
21722 - Intel·ligència Artificial / 01G,05/12/2017,08:30,05/12/2017,09:20,Anselm Turmeda Aula A8.Planta primera ala est,False
21748 - Seguretat en Sistemes Informàtics / 01G,05/12/2017,15:30,05/12/2017,17:20,Anselm Turmeda Aula A8.Planta primera ala est,False
21710 - Teoria de la Computació / 01G,04/12/2017,11:30,04/12/2017,12:20,Anselm Turmeda Aula A2. Planta baixa ala est,False
21722 - Intel·ligència Artificial / 01G,07/12/2017,12:30,07/12/2017,14:20,Anselm Turmeda Aula A8.Planta primera ala est,False
21710 - Teoria de la Computació / 01X01,04/12/2017,12:30,04/12/2017,13:20,Anselm Turmeda Aula A2. Planta baixa ala est,False
21722 - Intel·ligència Artificial / 01X01,05/12/2017,09:30,05/12/2017,10:20,Anselm Turmeda Aula A8.Planta primera ala est,False
21723 - Gestió de Projectes / 01G,07/12/2017,10:30,07/12/2017,12:20,Anselm Turmeda Aula A8.Planta primera ala est,False
Dia de la Constitució,06/12/2017,,,,,True
Immaculada concepció,08/12/2017,,,,,True
Lliurament 21726 - Base de Dades II / 01G,08/12/2017,,,,,True
Període no lectiu,01/08/2018,,31/08/2018,,,False
Període no lectiu,01/08/2018,,31/08/2018,,,False
Assumpció de Maria,15/08/2018,,,,,True
Període no lectiu,01/08/2018,,31/08/2018,,,False
Període no lectiu,01/08/2018,,31/08/2018,,,False
Examen 21749 - Gestió Estratègica de Sistemes d'Informació Empresarials / 01G,19/06/2018,16:00,19/06/2018,20:00,,False
Examen 21714 - Informàtica Gràfica / 01G,11/06/2018,16:00,11/06/2018,20:00,,False
Examen 20395 - English for Engineering / 01G,20/06/2018,09:00,20/06/2018,13:00,,False
Examen 21730 - Processos i Qualitat de Software / 01G,11/06/2018,09:00,11/06/2018,13:00,,False
Examen 20395 - English for Engineering / 01G,02/07/2018,16:00,02/07/2018,20:00,,False
21749 - Gestió Estratègica de Sistemes d'Informació Empresarials / 01M01,03/05/2018,18:30,03/05/2018,19:20,Anselm Turmeda Aula A5.Planta primera ala est,False
21749 - Gestió Estratègica de Sistemes d'Informació Empresarials / 01M01,17/05/2018,18:30,17/05/2018,19:20,Anselm Turmeda Aula A5.Planta primera ala est,False
21714 - Informàtica Gràfica / 01M01,02/05/2018,18:30,02/05/2018,19:20,Anselm Turmeda Aula A5.Planta primera ala est,False
Examen 21749 - Gestió Estratègica de Sistemes d'Informació Empresarials / 01G,06/07/2018,09:00,06/07/2018,13:00,,False
21714 - Informàtica Gràfica / 01M01,16/05/2018,18:30,16/05/2018,19:20,Anselm Turmeda Aula A5.Planta primera ala est,False
21749 - Gestió Estratègica de Sistemes d'Informació Empresarials / 01G,03/05/2018,17:30,03/05/2018,18:20,Anselm Turmeda Aula A5.Planta primera ala est,False
21714 - Informàtica Gràfica / 01G,02/05/2018,17:30,02/05/2018,18:20,Anselm Turmeda Aula A5.Planta primera ala est,False
21714 - Informàtica Gràfica / 01G,30/04/2018,17:30,30/04/2018,19:20,Anselm Turmeda Aula A5.Planta primera ala est,False
20395 - English for Engineering / 01M01,02/05/2018,11:30,02/05/2018,12:30,Anselm Turmeda Aula A8.Planta primera ala est,False
21749 - Gestió Estratègica de Sistemes d'Informació Empresarials / 01M01,19/04/2018,18:30,19/04/2018,19:20,Anselm Turmeda Aula A5.Planta primera ala est,False
21730 - Processos i Qualitat de Software / 01G,03/05/2018,15:30,03/05/2018,16:20,Anselm Turmeda Aula A5.Planta primera ala est,False
21730 - Processos i Qualitat de Software / 01M01,03/05/2018,16:30,03/05/2018,17:20,Anselm Turmeda Aula A5.Planta primera ala est,False
21749 - Gestió Estratègica de Sistemes d'Informació Empresarials / 01M01,26/04/2018,18:30,26/04/2018,19:20,Anselm Turmeda Aula A5.Planta primera ala est,False
21721 - Llenguatges de Programació / 01X02,03/05/2018,12:30,03/05/2018,14:20,Anselm Turmeda Aula Informàtica 2ª planta,False
21714 - Informàtica Gràfica / 01M01,28/03/2018,18:30,28/03/2018,19:20,Anselm Turmeda Aula A5.Planta primera ala est,False
21714 - Informàtica Gràfica / 01G,28/03/2018,17:30,28/03/2018,18:20,Anselm Turmeda Aula A5.Planta primera ala est,False
21714 - Informàtica Gràfica / 01G,26/03/2018,17:30,26/03/2018,19:20,Anselm Turmeda Aula A5.Planta primera ala est,False
21730 - Processos i Qualitat de Software / 01G,27/03/2018,15:30,27/03/2018,17:20,Anselm Turmeda Aula A5.Planta primera ala est,False
Vacances de Setmana Santa,29/03/2018,,06/04/2018,,,False
20395 - English for Engineering / 01M01,28/03/2018,11:30,28/03/2018,12:30,Anselm Turmeda Aula A8.Planta primera ala est,False
20395 - English for Engineering / 01G,28/03/2018,08:30,28/03/2018,11:20,Anselm Turmeda Aula A8.Planta primera ala est,False
21721 - Llenguatges de Programació / 01G,27/03/2018,08:30,27/03/2018,10:20,Anselm Turmeda Aula A8.Planta primera ala est,False
21749 - Gestió Estratègica de Sistemes d'Informació Empresarials / 01G,27/03/2018,17:30,27/03/2018,19:20,Anselm Turmeda Aula A5.Planta primera ala est,False
21749 - Gestió Estratègica de Sistemes d'Informació Empresarials / 01G,12/04/2018,17:30,12/04/2018,18:20,Anselm Turmeda Aula A5.Planta primera ala est,False
21714 - Informàtica Gràfica / 01G,11/04/2018,17:30,11/04/2018,18:20,Anselm Turmeda Aula A5.Planta primera ala est,False
21714 - Informàtica Gràfica / 01M01,11/04/2018,18:30,11/04/2018,19:20,Anselm Turmeda Aula A5.Planta primera ala est,False
21749 - Gestió Estratègica de Sistemes d'Informació Empresarials / 01M01,12/04/2018,18:30,12/04/2018,19:20,Anselm Turmeda Aula A5.Planta primera ala est,False
21749 - Gestió Estratègica de Sistemes d'Informació Empresarials / 01G,10/04/2018,17:30,10/04/2018,19:20,Anselm Turmeda Aula A5.Planta primera ala est,False
21714 - Informàtica Gràfica / 01G,09/04/2018,17:30,09/04/2018,19:20,Anselm Turmeda Aula A5.Planta primera ala est,False
21730 - Processos i Qualitat de Software / 01G,12/04/2018,15:30,12/04/2018,16:20,Anselm Turmeda Aula A5.Planta primera ala est,False
21730 - Processos i Qualitat de Software / 01M01,12/04/2018,16:30,12/04/2018,17:20,Anselm Turmeda Aula A5.Planta primera ala est,False
20395 - English for Engineering / 01G,11/04/2018,08:30,11/04/2018,11:20,Anselm Turmeda Aula A8.Planta primera ala est,False
21721 - Llenguatges de Programació / 01X02,12/04/2018,12:30,12/04/2018,14:20,Anselm Turmeda Aula Informàtica 2ª planta,False
21730 - Processos i Qualitat de Software / 01G,10/04/2018,15:30,10/04/2018,17:20,Anselm Turmeda Aula A5.Planta primera ala est,False
Vacances de Setmana Santa,29/03/2018,,06/04/2018,,,False
20395 - English for Engineering / 01M01,11/04/2018,11:30,11/04/2018,12:30,Anselm Turmeda Aula A8.Planta primera ala est,False
21714 - Informàtica Gràfica / 01M01,18/04/2018,18:30,18/04/2018,19:20,Anselm Turmeda Aula A5.Planta primera ala est,False
21721 - Llenguatges de Programació / 01G,10/04/2018,08:30,10/04/2018,10:20,Anselm Turmeda Aula A8.Planta primera ala est,False
21749 - Gestió Estratègica de Sistemes d'Informació Empresarials / 01G,19/04/2018,17:30,19/04/2018,18:20,Anselm Turmeda Aula A5.Planta primera ala est,False
21749 - Gestió Estratègica de Sistemes d'Informació Empresarials / 01G,17/04/2018,17:30,17/04/2018,19:20,Anselm Turmeda Aula A5.Planta primera ala est,False
21730 - Processos i Qualitat de Software / 01G,19/04/2018,15:30,19/04/2018,16:20,Anselm Turmeda Aula A5.Planta primera ala est,False
21730 - Processos i Qualitat de Software / 01M01,19/04/2018,16:30,19/04/2018,17:20,Anselm Turmeda Aula A5.Planta primera ala est,False
21714 - Informàtica Gràfica / 01G,16/04/2018,17:30,16/04/2018,19:20,Anselm Turmeda Aula A5.Planta primera ala est,False
21714 - Informàtica Gràfica / 01G,18/04/2018,17:30,18/04/2018,18:20,Anselm Turmeda Aula A5.Planta primera ala est,False
21721 - Llenguatges de Programació / 01X02,19/04/2018,12:30,19/04/2018,14:20,Anselm Turmeda Aula Informàtica 2ª planta,False
20395 - English for Engineering / 01M01,18/04/2018,11:30,18/04/2018,12:30,Anselm Turmeda Aula A8.Planta primera ala est,False
21730 - Processos i Qualitat de Software / 01G,17/04/2018,15:30,17/04/2018,17:20,Anselm Turmeda Aula A5.Planta primera ala est,False
20395 - English for Engineering / 01G,18/04/2018,08:30,18/04/2018,11:20,Anselm Turmeda Aula A8.Planta primera ala est,False
21749 - Gestió Estratègica de Sistemes d'Informació Empresarials / 01G,26/04/2018,17:30,26/04/2018,18:20,Anselm Turmeda Aula A5.Planta primera ala est,False
21714 - Informàtica Gràfica / 01G,25/04/2018,17:30,25/04/2018,18:20,Anselm Turmeda Aula A5.Planta primera ala est,False
21721 - Llenguatges de Programació / 01G,17/04/2018,08:30,17/04/2018,10:20,Anselm Turmeda Aula A8.Planta primera ala est,False
21749 - Gestió Estratègica de Sistemes d'Informació Empresarials / 01G,24/04/2018,17:30,24/04/2018,19:20,Anselm Turmeda Aula A5.Planta primera ala est,False
21730 - Processos i Qualitat de Software / 01M01,26/04/2018,16:30,26/04/2018,17:20,Anselm Turmeda Aula A5.Planta primera ala est,False
21714 - Informàtica Gràfica / 01M01,25/04/2018,18:30,25/04/2018,19:20,Anselm Turmeda Aula A5.Planta primera ala est,False
21714 - Informàtica Gràfica / 01G,23/04/2018,17:30,23/04/2018,19:20,Anselm Turmeda Aula A5.Planta primera ala est,False
21730 - Processos i Qualitat de Software / 01G,26/04/2018,15:30,26/04/2018,16:20,Anselm Turmeda Aula A5.Planta primera ala est,False
20395 - English for Engineering / 01G,25/04/2018,08:30,25/04/2018,11:20,Anselm Turmeda Aula A8.Planta primera ala est,False
20395 - English for Engineering / 01M01,25/04/2018,11:30,25/04/2018,12:30,Anselm Turmeda Aula A8.Planta primera ala est,False
21730 - Processos i Qualitat de Software / 01G,24/04/2018,15:30,24/04/2018,17:20,Anselm Turmeda Aula A5.Planta primera ala est,False
Festa del treball,01/05/2018,,,,,True
21721 - Llenguatges de Programació / 01G,24/04/2018,08:30,24/04/2018,10:20,Anselm Turmeda Aula A8.Planta primera ala est,False
21721 - Llenguatges de Programació / 01X02,26/04/2018,12:30,26/04/2018,14:20,Anselm Turmeda Aula Informàtica 2ª planta,False
20395 - English for Engineering / 01G,02/05/2018,08:30,02/05/2018,11:20,Anselm Turmeda Aula A8.Planta primera ala est,False
21749 - Gestió Estratègica de Sistemes d'Informació Empresarials / 01M01,10/05/2018,18:30,10/05/2018,19:20,Anselm Turmeda Aula A5.Planta primera ala est,False
21714 - Informàtica Gràfica / 01M01,09/05/2018,18:30,09/05/2018,19:20,Anselm Turmeda Aula A5.Planta primera ala est,False
21749 - Gestió Estratègica de Sistemes d'Informació Empresarials / 01G,10/05/2018,17:30,10/05/2018,18:20,Anselm Turmeda Aula A5.Planta primera ala est,False
21714 - Informàtica Gràfica / 01G,09/05/2018,17:30,09/05/2018,18:20,Anselm Turmeda Aula A5.Planta primera ala est,False
21730 - Processos i Qualitat de Software / 01M01,10/05/2018,16:30,10/05/2018,17:20,Anselm Turmeda Aula A5.Planta primera ala est,False
21714 - Informàtica Gràfica / 01G,07/05/2018,17:30,07/05/2018,19:20,Anselm Turmeda Aula A5.Planta primera ala est,False
21749 - Gestió Estratègica de Sistemes d'Informació Empresarials / 01G,08/05/2018,17:30,08/05/2018,19:20,Anselm Turmeda Aula A5.Planta primera ala est,False
21730 - Processos i Qualitat de Software / 01G,10/05/2018,15:30,10/05/2018,16:20,Anselm Turmeda Aula A5.Planta primera ala est,False
21730 - Processos i Qualitat de Software / 01G,08/05/2018,15:30,08/05/2018,17:20,Anselm Turmeda Aula A5.Planta primera ala est,False
21721 - Llenguatges de Programació / 01X02,10/05/2018,12:30,10/05/2018,14:20,Anselm Turmeda Aula Informàtica 2ª planta,False
20395 - English for Engineering / 01M01,09/05/2018,11:30,09/05/2018,12:30,Anselm Turmeda Aula A8.Planta primera ala est,False
21721 - Llenguatges de Programació / 01G,08/05/2018,08:30,08/05/2018,10:20,Anselm Turmeda Aula A8.Planta primera ala est,False
21714 - Informàtica Gràfica / 01M01,23/05/2018,18:30,23/05/2018,19:20,Anselm Turmeda Aula A5.Planta primera ala est,False
21749 - Gestió Estratègica de Sistemes d'Informació Empresarials / 01G,24/05/2018,17:30,24/05/2018,18:20,Anselm Turmeda Aula A5.Planta primera ala est,False
20395 - English for Engineering / 01G,09/05/2018,08:30,09/05/2018,11:20,Anselm Turmeda Aula A8.Planta primera ala est,False
21749 - Gestió Estratègica de Sistemes d'Informació Empresarials / 01M01,24/05/2018,18:30,24/05/2018,19:20,Anselm Turmeda Aula A5.Planta primera ala est,False
21714 - Informàtica Gràfica / 01G,23/05/2018,17:30,23/05/2018,18:20,Anselm Turmeda Aula A5.Planta primera ala est,False
21749 - Gestió Estratègica de Sistemes d'Informació Empresarials / 01G,22/05/2018,17:30,22/05/2018,19:20,Anselm Turmeda Aula A5.Planta primera ala est,False
21714 - Informàtica Gràfica / 01G,21/05/2018,17:30,21/05/2018,19:20,Anselm Turmeda Aula A5.Planta primera ala est,False
21730 - Processos i Qualitat de Software / 01G,22/05/2018,15:30,22/05/2018,17:20,Anselm Turmeda Aula A5.Planta primera ala est,False
21730 - Processos i Qualitat de Software / 01M01,24/05/2018,16:30,24/05/2018,17:20,Anselm Turmeda Aula A5.Planta primera ala est,False
20395 - English for Engineering / 01M01,23/05/2018,11:30,23/05/2018,12:30,Anselm Turmeda Aula A8.Planta primera ala est,False
21730 - Processos i Qualitat de Software / 01G,24/05/2018,15:30,24/05/2018,16:20,Anselm Turmeda Aula A5.Planta primera ala est,False
21721 - Llenguatges de Programació / 01X02,24/05/2018,12:30,24/05/2018,14:20,Anselm Turmeda Aula Informàtica 2ª planta,False
20395 - English for Engineering / 01G,23/05/2018,08:30,23/05/2018,11:20,Anselm Turmeda Aula A8.Planta primera ala est,False
21749 - Gestió Estratègica de Sistemes d'Informació Empresarials / 01M01,31/05/2018,18:30,31/05/2018,19:20,Anselm Turmeda Aula A5.Planta primera ala est,False
21721 - Llenguatges de Programació / 01G,22/05/2018,08:30,22/05/2018,10:20,Anselm Turmeda Aula A8.Planta primera ala est,False
21749 - Gestió Estratègica de Sistemes d'Informació Empresarials / 01G,31/05/2018,17:30,31/05/2018,18:20,Anselm Turmeda Aula A5.Planta primera ala est,False
21714 - Informàtica Gràfica / 01M01,30/05/2018,18:30,30/05/2018,19:20,Anselm Turmeda Aula A5.Planta primera ala est,False
21714 - Informàtica Gràfica / 01G,30/05/2018,17:30,30/05/2018,18:20,Anselm Turmeda Aula A5.Planta primera ala est,False
21749 - Gestió Estratègica de Sistemes d'Informació Empresarials / 01G,29/05/2018,17:30,29/05/2018,19:20,Anselm Turmeda Aula A5.Planta primera ala est,False
21714 - Informàtica Gràfica / 01G,28/05/2018,17:30,28/05/2018,19:20,Anselm Turmeda Aula A5.Planta primera ala est,False
21730 - Processos i Qualitat de Software / 01M01,31/05/2018,16:30,31/05/2018,17:20,Anselm Turmeda Aula A5.Planta primera ala est,False
21730 - Processos i Qualitat de Software / 01G,31/05/2018,15:30,31/05/2018,16:20,Anselm Turmeda Aula A5.Planta primera ala est,False
20395 - English for Engineering / 01M01,30/05/2018,11:30,30/05/2018,12:30,Anselm Turmeda Aula A8.Planta primera ala est,False
21721 - Llenguatges de Programació / 01X02,31/05/2018,12:30,31/05/2018,14:20,Anselm Turmeda Aula Informàtica 2ª planta,False
21714 - Informàtica Gràfica / 01M01,06/06/2018,18:30,06/06/2018,19:20,Anselm Turmeda Aula A5.Planta primera ala est,False
21730 - Processos i Qualitat de Software / 01G,29/05/2018,15:30,29/05/2018,17:20,Anselm Turmeda Aula A5.Planta primera ala est,False
20395 - English for Engineering / 01G,30/05/2018,08:30,30/05/2018,11:20,Anselm Turmeda Aula A8.Planta primera ala est,False
21721 - Llenguatges de Programació / 01G,29/05/2018,08:30,29/05/2018,10:20,Anselm Turmeda Aula A8.Planta primera ala est,False
21714 - Informàtica Gràfica / 01G,06/06/2018,17:30,06/06/2018,18:20,Anselm Turmeda Aula A5.Planta primera ala est,False
21749 - Gestió Estratègica de Sistemes d'Informació Empresarials / 01G,05/06/2018,17:30,05/06/2018,19:20,Anselm Turmeda Aula A5.Planta primera ala est,False
20395 - English for Engineering / 01G,06/06/2018,08:30,06/06/2018,11:20,Anselm Turmeda Aula A8.Planta primera ala est,False
21714 - Informàtica Gràfica / 01G,04/06/2018,17:30,04/06/2018,19:20,Anselm Turmeda Aula A5.Planta primera ala est,False
21730 - Processos i Qualitat de Software / 01G,05/06/2018,15:30,05/06/2018,17:20,Anselm Turmeda Aula A5.Planta primera ala est,False
20395 - English for Engineering / 01M01,06/06/2018,11:30,06/06/2018,12:30,Anselm Turmeda Aula A8.Planta primera ala est,False
Examen 21721 - Llenguatges de Programació / 01G,07/06/2018,16:00,07/06/2018,20:00,,False
21721 - Llenguatges de Programació / 01G,05/06/2018,08:30,05/06/2018,10:20,Anselm Turmeda Aula A8.Planta primera ala est,False
21749 - Gestió Estratègica de Sistemes d'Informació Empresarials / 01G,17/05/2018,17:30,17/05/2018,18:20,Anselm Turmeda Aula A5.Planta primera ala est,False
21714 - Informàtica Gràfica / 01G,16/05/2018,17:30,16/05/2018,18:20,Anselm Turmeda Aula A5.Planta primera ala est,False
21749 - Gestió Estratègica de Sistemes d'Informació Empresarials / 01G,15/05/2018,17:30,15/05/2018,19:20,Anselm Turmeda Aula A5.Planta primera ala est,False
21714 - Informàtica Gràfica / 01G,14/05/2018,17:30,14/05/2018,19:20,Anselm Turmeda Aula A5.Planta primera ala est,False
21730 - Processos i Qualitat de Software / 01M01,17/05/2018,16:30,17/05/2018,17:20,Anselm Turmeda Aula A5.Planta primera ala est,False
21730 - Processos i Qualitat de Software / 01G,15/05/2018,15:30,15/05/2018,17:20,Anselm Turmeda Aula A5.Planta primera ala est,False
21730 - Processos i Qualitat de Software / 01G,17/05/2018,15:30,17/05/2018,16:20,Anselm Turmeda Aula A5.Planta primera ala est,False
21721 - Llenguatges de Programació / 01X02,17/05/2018,12:30,17/05/2018,14:20,Anselm Turmeda Aula Informàtica 2ª planta,False
20395 - English for Engineering / 01M01,16/05/2018,11:30,16/05/2018,12:30,Anselm Turmeda Aula A8.Planta primera ala est,False
Examen 21714 - Informàtica Gràfica / 01G,04/07/2018,09:00,04/07/2018,13:00,,False
Període no lectiu,01/08/2018,,31/08/2018,,,False
21721 - Llenguatges de Programació / 01G,15/05/2018,08:30,15/05/2018,10:20,Anselm Turmeda Aula A8.Planta primera ala est,False
20395 - English for Engineering / 01G,16/05/2018,08:30,16/05/2018,11:20,Anselm Turmeda Aula A8.Planta primera ala est,False
Examen 21721 - Llenguatges de Programació / 01G,03/07/2018,09:00,03/07/2018,13:00,,False
Examen 21730 - Processos i Qualitat de Software / 01G,04/07/2018,09:00,04/07/2018,13:00,,False
21749 - Gestió Estratègica de Sistemes d'Informació Empresarials / 01M01,22/03/2018,18:30,22/03/2018,19:20,Anselm Turmeda Aula A5.Planta primera ala est,False
21714 - Informàtica Gràfica / 01M01,21/03/2018,18:30,21/03/2018,19:20,Anselm Turmeda Aula A5.Planta primera ala est,False
21749 - Gestió Estratègica de Sistemes d'Informació Empresarials / 01G,22/03/2018,17:30,22/03/2018,18:20,Anselm Turmeda Aula A5.Planta primera ala est,False
21749 - Gestió Estratègica de Sistemes d'Informació Empresarials / 01G,20/03/2018,17:30,20/03/2018,19:20,Anselm Turmeda Aula A5.Planta primera ala est,False
21730 - Processos i Qualitat de Software / 01M01,22/03/2018,16:30,22/03/2018,17:20,Anselm Turmeda Aula A5.Planta primera ala est,False
21714 - Informàtica Gràfica / 01G,19/03/2018,17:30,19/03/2018,19:20,Anselm Turmeda Aula A5.Planta primera ala est,False
21714 - Informàtica Gràfica / 01G,21/03/2018,17:30,21/03/2018,18:20,Anselm Turmeda Aula A5.Planta primera ala est,False
21749 - Gestió Estratègica de Sistemes d'Informació Empresarials / 01M01,22/02/2018,18:30,22/02/2018,19:20,Anselm Turmeda Aula A5.Planta primera ala est,False
21714 - Informàtica Gràfica / 01G,21/02/2018,17:30,21/02/2018,18:20,Anselm Turmeda Aula A5.Planta primera ala est,False
21714 - Informàtica Gràfica / 01M01,21/02/2018,18:30,21/02/2018,19:20,Anselm Turmeda Aula A5.Planta primera ala est,False
21749 - Gestió Estratègica de Sistemes d'Informació Empresarials / 01G,22/02/2018,17:30,22/02/2018,18:20,Anselm Turmeda Aula A5.Planta primera ala est,False
21749 - Gestió Estratègica de Sistemes d'Informació Empresarials / 01G,20/02/2018,17:30,20/02/2018,19:20,Anselm Turmeda Aula A5.Planta primera ala est,False
21730 - Processos i Qualitat de Software / 01G,22/02/2018,15:30,22/02/2018,16:20,Anselm Turmeda Aula A5.Planta primera ala est,False
,22/02/2018,16:30,22/02/2018,17:20,,False
21726 - Base de Dades II / 01G,11/01/2018,15:30,11/01/2018,16:20,Anselm Turmeda Aula A8.Planta primera ala est,False
21748 - Seguretat en Sistemes Informàtics / 01M01,10/01/2018,16:30,10/01/2018,17:20,Anselm Turmeda Aula A8.Planta primera ala est,False
21726 - Base de Dades II / 01M01,11/01/2018,16:30,11/01/2018,17:20,Anselm Turmeda Aula A8.Planta primera ala est,False
21748 - Seguretat en Sistemes Informàtics / 01G,10/01/2018,15:30,10/01/2018,16:20,Anselm Turmeda Aula A8.Planta primera ala est,False
21726 - Base de Dades II / 01G,08/01/2018,15:30,08/01/2018,17:20,Anselm Turmeda Aula A8.Planta primera ala est,False
21722 - Intel·ligència Artificial / 01G,11/01/2018,12:30,11/01/2018,14:20,Anselm Turmeda Aula A8.Planta primera ala est,False
21710 - Teoria de la Computació / 01G,12/01/2018,12:30,12/01/2018,14:20,Anselm Turmeda Aula A2. Planta baixa ala est,False
21748 - Seguretat en Sistemes Informàtics / 01G,09/01/2018,15:30,09/01/2018,17:20,Anselm Turmeda Aula A8.Planta primera ala est,False
21713 - Comunicacions de Dades i Xarxes / 01G,10/01/2018,08:30,10/01/2018,10:20,Anselm Turmeda Aula A2. Planta baixa ala est,False
21713 - Comunicacions de Dades i Xarxes / 01G,12/01/2018,11:30,12/01/2018,12:20,Anselm Turmeda Aula A2. Planta baixa ala est,False
21710 - Teoria de la Computació / 01X01,08/01/2018,12:30,08/01/2018,13:20,Anselm Turmeda Aula A2. Planta baixa ala est,False
21713 - Comunicacions de Dades i Xarxes / 01X02,12/01/2018,10:30,12/01/2018,11:20,Anselm Turmeda Aula A2. Planta baixa ala est,False
21723 - Gestió de Projectes / 01G,11/01/2018,10:30,11/01/2018,12:20,Anselm Turmeda Aula A8.Planta primera ala est,False
21710 - Teoria de la Computació / 01G,08/01/2018,11:30,08/01/2018,12:20,Anselm Turmeda Aula A2. Planta baixa ala est,False
21722 - Intel·ligència Artificial / 01X01,09/01/2018,09:30,09/01/2018,10:20,Anselm Turmeda Aula A8.Planta primera ala est,False
21723 - Gestió de Projectes / 01X03,10/01/2018,10:30,10/01/2018,12:20,Anselm Turmeda Aula A8.Planta primera ala est,False
Lliurament 21713 - Comunicacions de Dades i Xarxes / 01G,12/01/2018,,,,,True
21722 - Intel·ligència Artificial / 01G,09/01/2018,08:30,09/01/2018,09:20,Anselm Turmeda Aula A8.Planta primera ala est,False
21726 - Base de Dades II / 01M01,14/09/2017,16:30,14/09/2017,17:20,Anselm Turmeda Aula A8.Planta primera ala est,False
21710 - Teoria de la Computació / 01G,15/09/2017,12:30,15/09/2017,14:20,Anselm Turmeda Aula A2. Planta baixa ala est,False
Lliurament 21723 - Gestió de Projectes / 01G,08/01/2018,,,,,True
21748 - Seguretat en Sistemes Informàtics / 01M01,13/09/2017,16:30,13/09/2017,17:20,Anselm Turmeda Aula A8.Planta primera ala est,False
21748 - Seguretat en Sistemes Informàtics / 01G,13/09/2017,15:30,13/09/2017,16:20,Anselm Turmeda Aula A8.Planta primera ala est,False
21726 - Base de Dades II / 01G,14/09/2017,15:30,14/09/2017,16:20,Anselm Turmeda Aula A8.Planta primera ala est,False
21722 - Intel·ligència Artificial / 01G,14/09/2017,12:30,14/09/2017,14:20,Anselm Turmeda Aula A8.Planta primera ala est,False
21713 - Comunicacions de Dades i Xarxes / 01G,15/09/2017,11:30,15/09/2017,12:20,Anselm Turmeda Aula A2. Planta baixa ala est,False
"Examen 21713 - Comunicacions de Dades i Xarxes / 01G, 02G",17/01/2018,16:00,17/01/2018,20:00,,False
21713 - Comunicacions de Dades i Xarxes / 01X02,15/09/2017,10:30,15/09/2017,11:20,Anselm Turmeda Aula A2. Planta baixa ala est,False
21713 - Comunicacions de Dades i Xarxes / 01G,13/09/2017,08:30,13/09/2017,10:20,Anselm Turmeda Aula A2. Planta baixa ala est,False
21723 - Gestió de Projectes / 01X03,13/09/2017,10:30,13/09/2017,12:20,Anselm Turmeda Aula A8.Planta primera ala est,False
21723 - Gestió de Projectes / 01G,14/09/2017,10:30,14/09/2017,12:20,Anselm Turmeda Aula A8.Planta primera ala est,False
Examen 21723 - Gestió de Projectes / 01G,18/01/2018,16:00,18/01/2018,20:00,,False
"Examen 21710 - Teoria de la Computació / 01G, 02G",15/01/2018,16:00,15/01/2018,20:00,,False
21749 - Gestió Estratègica de Sistemes d'Informació Empresarials / 01M01,15/02/2018,18:30,15/02/2018,19:20,Anselm Turmeda Aula A5.Planta primera ala est,False
21714 - Informàtica Gràfica / 01G,12/02/2018,17:30,12/02/2018,19:20,Anselm Turmeda Aula A5.Planta primera ala est,False
21749 - Gestió Estratègica de Sistemes d'Informació Empresarials / 01G,13/02/2018,17:30,13/02/2018,19:20,Anselm Turmeda Aula A5.Planta primera ala est,False
21749 - Gestió Estratègica de Sistemes d'Informació Empresarials / 01G,15/02/2018,17:30,15/02/2018,18:20,,False
21730 - Processos i Qualitat de Software / 01M01,15/02/2018,16:30,15/02/2018,17:20,Anselm Turmeda Aula A5.Planta primera ala est,False
21714 - Informàtica Gràfica / 01M01,14/02/2018,18:30,14/02/2018,19:20,Anselm Turmeda Aula A5.Planta primera ala est,False
21730 - Processos i Qualitat de Software / 01G,13/02/2018,15:30,13/02/2018,17:20,Anselm Turmeda Aula A5.Planta primera ala est,False
21730 - Processos i Qualitat de Software / 01G,15/02/2018,15:30,15/02/2018,16:20,Anselm Turmeda Aula A5.Planta primera ala est,False
21721 - Llenguatges de Programació / 01G,13/02/2018,08:30,13/02/2018,10:20,Anselm Turmeda Aula A8.Planta primera ala est,False
21721 - Llenguatges de Programació / 01X02,15/02/2018,12:30,15/02/2018,14:20,Anselm Turmeda Aula Informàtica 2ª planta,False
21714 - Informàtica Gràfica / 01M01,28/02/2018,18:30,28/02/2018,19:20,Anselm Turmeda Aula A5.Planta primera ala est,False
20395 - English for Engineering / 01G,14/02/2018,08:30,14/02/2018,11:20,Anselm Turmeda Aula A8.Planta primera ala est,False
20395 - English for Engineering / 01M01,14/02/2018,11:30,14/02/2018,12:30,Anselm Turmeda Aula A8.Planta primera ala est,False
21714 - Informàtica Gràfica / 01G,28/02/2018,17:30,28/02/2018,18:20,Anselm Turmeda Aula A5.Planta primera ala est,False
21749 - Gestió Estratègica de Sistemes d'Informació Empresarials / 01G,27/02/2018,17:30,27/02/2018,19:20,Anselm Turmeda Aula A5.Planta primera ala est,False
21714 - Informàtica Gràfica / 01G,26/02/2018,17:30,26/02/2018,19:20,Anselm Turmeda Aula A5.Planta primera ala est,False
21730 - Processos i Qualitat de Software / 01G,27/02/2018,15:30,27/02/2018,17:20,Anselm Turmeda Aula A5.Planta primera ala est,False
20395 - English for Engineering / 01G,28/02/2018,08:30,28/02/2018,11:20,Anselm Turmeda Aula A8.Planta primera ala est,False
Examen 21748 - Seguretat en Sistemes Informàtics / 01G,09/02/2018,16:00,09/02/2018,20:00,,False
21721 - Llenguatges de Programació / 01G,27/02/2018,08:30,27/02/2018,10:20,Anselm Turmeda Aula A8.Planta primera ala est,False
20395 - English for Engineering / 01M01,28/02/2018,11:30,28/02/2018,12:30,Anselm Turmeda Aula A8.Planta primera ala est,False
Examen 21726 - Base de Dades II / 01G,07/02/2018,16:00,07/02/2018,20:00,,False
Dia de les Illes Balears,01/03/2018,,,,,True
Examen 21722 - Intel·ligència Artificial / 01G,08/02/2018,16:00,08/02/2018,20:00,,False
"Examen 21713 - Comunicacions de Dades i Xarxes / 01G, 02G",06/02/2018,09:00,06/02/2018,13:00,,False
Examen 21748 - Seguretat en Sistemes Informàtics / 01G,26/01/2018,09:00,26/01/2018,13:00,,False
Examen 21723 - Gestió de Projectes / 01G,06/02/2018,16:00,06/02/2018,20:00,,False
21730 - Processos i Qualitat de Software / 01G,20/02/2018,15:30,20/02/2018,17:20,Anselm Turmeda Aula A5.Planta primera ala est,False
Examen 21726 - Base de Dades II / 01G,24/01/2018,16:00,24/01/2018,20:00,,False
21721 - Llenguatges de Programació / 01X02,22/02/2018,12:30,22/02/2018,14:20,Anselm Turmeda Aula Informàtica 2ª planta,False
"Examen 21710 - Teoria de la Computació / 01G, 02G",05/02/2018,09:00,05/02/2018,13:00,,False
Examen 21722 - Intel·ligència Artificial / 01G,22/01/2018,09:00,22/01/2018,13:00,,False
21721 - Llenguatges de Programació / 01G,20/02/2018,08:30,20/02/2018,10:20,Anselm Turmeda Aula A8.Planta primera ala est,False
20395 - English for Engineering / 01M01,21/02/2018,11:30,21/02/2018,12:30,Anselm Turmeda Aula A8.Planta primera ala est,False
21714 - Informàtica Gràfica / 01M01,14/03/2018,18:30,14/03/2018,19:20,Anselm Turmeda Aula A5.Planta primera ala est,False
20395 - English for Engineering / 01G,21/02/2018,08:30,21/02/2018,11:20,Anselm Turmeda Aula A8.Planta primera ala est,False
21714 - Informàtica Gràfica / 01G,14/03/2018,17:30,14/03/2018,18:20,Anselm Turmeda Aula A5.Planta primera ala est,False
21749 - Gestió Estratègica de Sistemes d'Informació Empresarials / 01G,15/03/2018,17:30,15/03/2018,18:20,Anselm Turmeda Aula A5.Planta primera ala est,False
21749 - Gestió Estratègica de Sistemes d'Informació Empresarials / 01G,13/03/2018,17:30,13/03/2018,19:20,Anselm Turmeda Aula A5.Planta primera ala est,False
21749 - Gestió Estratègica de Sistemes d'Informació Empresarials / 01M01,15/03/2018,18:30,15/03/2018,19:20,Anselm Turmeda Aula A5.Planta primera ala est,False
20395 - English for Engineering / 01G,14/03/2018,08:30,14/03/2018,11:20,Anselm Turmeda Aula A8.Planta primera ala est,False
21714 - Informàtica Gràfica / 01G,12/03/2018,17:30,12/03/2018,19:20,Anselm Turmeda Aula A5.Planta primera ala est,False
21730 - Processos i Qualitat de Software / 01G,13/03/2018,15:30,13/03/2018,17:20,Anselm Turmeda Aula A5.Planta primera ala est,False
21730 - Processos i Qualitat de Software / 01G,15/03/2018,15:30,15/03/2018,16:20,Anselm Turmeda Aula A5.Planta primera ala est,False
20395 - English for Engineering / 01M01,14/03/2018,11:30,14/03/2018,12:30,Anselm Turmeda Aula A8.Planta primera ala est,False
21730 - Processos i Qualitat de Software / 01M01,15/03/2018,16:30,15/03/2018,17:20,Anselm Turmeda Aula A5.Planta primera ala est,False
21721 - Llenguatges de Programació / 01G,13/03/2018,08:30,13/03/2018,10:20,Anselm Turmeda Aula A8.Planta primera ala est,False
21721 - Llenguatges de Programació / 01X02,15/03/2018,12:30,15/03/2018,14:20,Anselm Turmeda Aula Informàtica 2ª planta,False
21749 - Gestió Estratègica de Sistemes d'Informació Empresarials / 01G,08/03/2018,17:30,08/03/2018,18:20,Anselm Turmeda Aula A5.Planta primera ala est,False
21749 - Gestió Estratègica de Sistemes d'Informació Empresarials / 01M01,08/03/2018,18:30,08/03/2018,19:20,Anselm Turmeda Aula A5.Planta primera ala est,False
21749 - Gestió Estratègica de Sistemes d'Informació Empresarials / 01G,06/03/2018,17:30,06/03/2018,19:20,Anselm Turmeda Aula A5.Planta primera ala est,False
21714 - Informàtica Gràfica / 01G,07/03/2018,17:30,07/03/2018,18:20,Anselm Turmeda Aula A5.Planta primera ala est,False
21714 - Informàtica Gràfica / 01G,05/03/2018,17:30,05/03/2018,19:20,Anselm Turmeda Aula A5.Planta primera ala est,False
21730 - Processos i Qualitat de Software / 01G,08/03/2018,15:30,08/03/2018,16:20,Anselm Turmeda Aula A5.Planta primera ala est,False
21714 - Informàtica Gràfica / 01M01,07/03/2018,18:30,07/03/2018,19:20,Anselm Turmeda Aula A5.Planta primera ala est,False
21730 - Processos i Qualitat de Software / 01M01,08/03/2018,16:30,08/03/2018,17:20,Anselm Turmeda Aula A5.Planta primera ala est,False
21730 - Processos i Qualitat de Software / 01G,20/03/2018,15:30,20/03/2018,17:20,Anselm Turmeda Aula A5.Planta primera ala est,False
21721 - Llenguatges de Programació / 01X02,08/03/2018,12:30,08/03/2018,14:20,Anselm Turmeda Aula Informàtica 2ª planta,False
21730 - Processos i Qualitat de Software / 01G,22/03/2018,15:30,22/03/2018,16:20,Anselm Turmeda Aula A5.Planta primera ala est,False
21730 - Processos i Qualitat de Software / 01G,06/03/2018,15:30,06/03/2018,17:20,Anselm Turmeda Aula A5.Planta primera ala est,False
20395 - English for Engineering / 01M01,07/03/2018,11:30,07/03/2018,12:30,Anselm Turmeda Aula A8.Planta primera ala est,False
21721 - Llenguatges de Programació / 01G,06/03/2018,08:30,06/03/2018,10:20,Anselm Turmeda Aula A8.Planta primera ala est,False
20395 - English for Engineering / 01G,07/03/2018,08:30,07/03/2018,11:20,Anselm Turmeda Aula A8.Planta primera ala est,False
21721 - Llenguatges de Programació / 01X02,22/03/2018,12:30,22/03/2018,14:20,Anselm Turmeda Aula Informàtica 2ª planta,False
20395 - English for Engineering / 01G,21/03/2018,08:30,21/03/2018,11:20,Anselm Turmeda Aula A8.Planta primera ala est,False
21721 - Llenguatges de Programació / 01G,20/03/2018,08:30,20/03/2018,10:20,Anselm Turmeda Aula A8.Planta primera ala est,False
20395 - English for Engineering / 01M01,21/03/2018,11:30,21/03/2018,12:30,Anselm Turmeda Aula A8.Planta primera ala est,False
